{
  "features": [
    "speed_ms",
    "rpm",
    "steering_angle",
    "brake_input",
    "speed_delta",
    "rpm_delta",
    "abs_steering",
    "jerk",
    "brake_x_speed",
    "rpm_per_speed",
    "gear_norm"
  ],
  "mean": [
    12.611406200938655,
    2469.0878642815496,
    0.4596384173586622,
    0.25091101695622003,
    0.0035971131319222013,
    81.54223157052776,
    13.248710118687034,
    0.004870179719235953,
    1.3692780782596978,
    184.04921091599456,
    0.5
  ],
  "scale": [
    7.522630469690983,
    1402.675620579794,
    22.8800134088487,
    0.33205626165886604,
    2.9753719865867363,
    271.7696664725664,
    18.416472969468096,
    0.9490253748321268,
    1.30531829159499,
    77.20030868026775,
    1.0
  ],
  "class_names": [
    "NORMAL",
    "SUDDEN_ACCELERATION",
    "HARD_BRAKING",
    "SHARP_TURN"
  ],
  "window_size": 50,
  "n_features": 11
}