{
  "features": [
    "speed_ms",
    "rpm",
    "steering_angle",
    "brake_input",
    "speed_delta",
    "rpm_delta",
    "abs_steering",
    "jerk",
    "brake_x_speed",
    "rpm_per_speed",
    "gear_norm"
  ],
  "mean": [
    9.843637365794274,
    2506.0715615081785,
    0.4644453892247111,
    0.27448214776585245,
    0.0015364362438413082,
    -0.05838398285210133,
    13.77170154698906,
    0.002605443248176016,
    2.6013939764871794,
    409.7854219639301,
    0.5
  ],
  "scale": [
    4.733392383553575,
    1313.6580907360726,
    23.423687350840414,
    0.3450572482910699,
    6.718535113064078,
    1851.5019431327878,
    18.953233896360597,
    11.652257190051271,
    3.550306369898362,
    1044.0864018599889,
    1.0
  ],
  "class_names": [
    "NORMAL",
    "SUDDEN_ACCELERATION",
    "HARD_BRAKING",
    "SHARP_TURN"
  ],
  "window_size": 50,
  "n_features": 11
}